qid,question,gold_answers,model_answer,fuzzy_verdict,human_label
popqa-1468996,What is the capital of Estonia?,Tallinn | Reval | Revel | Rewel | Kolywan | Lyndanisse | Lindanäs | Reuel,Estonia,incorrect,
popqa-1706834,What is the capital of Moldova?,Chișinău | Chisinau | Kishinev | Chişinău | Keshenev | Kischinew | Kyshyniv | Kiszyniów | Kišinìv | Kişinev | Keshinov | Khisinau | Kishinëv | Kishinef | Kiscinev,Bucharest,incorrect,
popqa-1712488,What is the capital of Romania?,Bucharest | Little Paris | Paris of the East | București | Bucureşti | Bucuresti | Буцуреșти,Rome,incorrect,
popqa-1734901,What is the capital of Albania?,Tirana | Tirane | Tiranë,Albany,incorrect,
popqa-1752279,What is the capital of Bosnia and Herzegovina?,Sarajevo | City of Sarajevo,Bosanski Kraljevstvo,incorrect,
popqa-1775298,What is the capital of Cyprus?,Nicosia | Lefkosia,Cyprus,incorrect,
popqa-1867834,What is the capital of Belize?,Belmopan | The Garden City | The Planned City | City of Promise,Belize City,incorrect,
popqa-1882504,What is the capital of Barbados?,Bridgetown,Barbados,incorrect,
popqa-19472,What is the capital of Madagascar?,Antananarivo | Tananarive | Iarivo | Analamanga,Madagascar,incorrect,
popqa-2088053,What sport does Mr. Olympia play?,bodybuilding | body building | body-building,weightlifting,incorrect,
popqa-239951,What is the capital of Michigan?,"Lansing | Lansing, Michigan",Grand Rapids,incorrect,
popqa-306840,What is the capital of South Dakota?,"Pierre | Pierre, South Dakota | Pierre, SD",Bismarck,incorrect,
popqa-307727,What is the capital of Montana?,"Helena | Helena, Montana",Boise,incorrect,
popqa-3108719,What is the capital of Portugal?,Lisbon | Lisboa,Porto,incorrect,
popqa-39178,What is the capital of Nigeria?,Abuja | ABV | ABJ | FCT | Federal Capital Territory,Niger City,incorrect,
popqa-523639,What is the capital of New York?,"Albany | Albany, New York",New York City,incorrect,
popqa-552289,What is the capital of New Jersey?,"Trenton | Western New Jersey | Trenton City, Mercer County, New Jersey | Trenton Township, Mercer County, New Jersey | Trenton City, New Jersey | Trenton Township, New Jersey | Trenton, New Jersey",Newark,incorrect,
popqa-5660051,What is the capital of Colombia?,"Bogotá | Santa Fe de Bogotá | Santafé de Bogotá | Bogota | Bogota, Colombia",Cali,incorrect,
popqa-5748842,What is the capital of Bolivia?,Sucre | Charcas | La Plata | Chuquisaca | Historic City of Sucre,Bolivia,incorrect,
popqa-5864218,What is the capital of Jamaica?,"Kingston | Kingston, Jamaica",Jamaica,correct,
popqa-6117457,What is the capital of Iran?,Tehran | Teheran,Istanbul,incorrect,
popqa-6273545,What is the capital of Oregon?,"Salem | Salem, Oregon",Portland,incorrect,
popqa-6298839,What is the capital of Oman?,Muscat,Oman's capital is Muscat.,incorrect,
popqa-793141,What is the capital of Missouri?,"Jefferson City | Jefferson City, Missouri",St Louis,incorrect,
triviaqa-bb_3148,Sic Bo is a Chinese game of?,Dice | ⚁ | ⚀ | ⚃ | ⚂ | ⚅ | Game dice | Fullams | 20-Sided Die | Roll of the dice | Fair die | Gaming dice | Twenty-sided polyhedral die | Normal dice | Polyhedral dice | ⚄ | Seven-sided die | Crystal dice | Fulhams | 20-sided die | 🎲 | Loaded dice | Chance cube | Loaded die | Game die | Six-sided die | 12-sided die | 8-sided die | Dice tray | Six-sided dice | Crystal die | Fair dice | Gaming die | Polyhedral die | Dice cup | Dice and dice games | roll of dice | twenty sided polyhedral die | loaded dice | game dice | polyhedral dice | fullams | normal dice | fair dice | polyhedral die | gaming dice | fulhams | dice and dice games | 12 sided die | dice | dice tray | loaded die | fair die | six sided dice | 8 sided die | 20 sided die | chance cube | six sided die | seven sided die | crystal dice | game die | dice cup | gaming die | crystal die,sic bo is a chinese game of dice,incorrect,
triviaqa-bb_7406,Who became the new French president in 2007?,Nicolas Sarkozy | Hyperpresident | Nicolas Paul Stéphane Sarkozy de Nagy-Bocsa | Sarko the American | Nick sarkozy | Sarkosy | Sarzoky | Nicolas sarkosy | Nicolas Sarközy | Sarko | Nick sarkozee | Giulia Sarkozy | Sarkozy | Nicolas Sarkoezy | Nicholas Sarkozy | Nicolas Paul Stephane Sarkozy de Nagy-Bocsa | Nikolas sarkozy | Nicholas Sarzoky | Nicolas Paul Stéphane Sarközy de Nagy-Bocsa | President Sarkozy | Sarcozy | Sarko l'Americain | Nicolas Paul Stephane Sarkoezy de Nagy-Bocsa | Nicolas Sarzoky | Nicolas Sarkosy | Sarko l’Américain | Nicolas Sarkozky | Sarcosy | Nicolai Sarkozy | Nicolas Sarcozy | nicolas sarzoky | nicholas sarkozy | sarkosy | nicolas sarkoezy | nicolas paul stephane sarkozy de nagy bocsa | sarko american | nikolas sarkozy | nick sarkozy | nicolai sarkozy | nicolas paul stephane sarkoezy de nagy bocsa | nicolas sarkozy | nicolas sarközy | sarzoky | sarcozy | giulia sarkozy | nicolas sarkosy | sarkozy | hyperpresident | sarko | nicolas paul stéphane sarkozy de nagy bocsa | nicolas sarcozy | sarko l américain | sarcosy | president sarkozy | nick sarkozee | nicholas sarzoky | nicolas sarkozky | nicolas paul stéphane sarközy de nagy bocsa | sarko l americain,Jean-Pierre Raffarin,incorrect,
triviaqa-bb_8190,Who was elected president of France follwing the death of President Pompidou?,"Valery Giscard d'Estaing | Giscard d’Estaing | Valery Marie Rene Giscard d'Estaing | Valéry Giscard | Valery Giscard dEstaing | Valery Marie René Georges Giscard d'Estaing | Giscard d'Estaing, Valéry | VGE | Valéry Giscard d'Estaing | Giscard d'Estaing, Valery | Valery Giscard D'Estaing | Valéry Marie René Giscard d'Estaing | Giscard | Valéry Marie René Georges Giscard d'Estaing | Valery Giscard | Valery Marie Rene Georges Giscard d'Estaing | L'Ex | Giscard d'Estaing | Valéry Giscard d’Estaing | Valery Marie René Giscard d'Estaing | Valéry Giscard d'Éstaing | valéry marie rené giscard d estaing | valery marie rené georges giscard d estaing | valery giscard destaing | valery marie rene giscard d estaing | vge | giscard d estaing | valéry giscard d estaing | valery giscard | giscard d estaing valery | valery marie rene georges giscard d estaing | valéry marie rené georges giscard d estaing | valéry giscard | valery marie rené giscard d estaing | valery giscard d estaing | valéry giscard d éstaing | giscard d estaing valéry | l ex | giscard",Jean-Pierre Raffarin,incorrect,
triviaqa-bb_9192,In which US city is the 1974 film Towering Inferno set?,"San Francisco | San Fransciso | San francisco radio stations | The weather in San Francisco | San Fransisco, California | San Francisco (City and County) | Baghdad by the Bay | San Francisco County, California | San Francisco, CA, United States | More reading about San Francisco | San Franciscan | Friscoe | Sanfracisco | San Franciscans | San Francisco, Calif | San-Fransisco | City & County of San Francisco | Old Gold Mountain | San Francisco County, CA | San Francisco, California, U.S. | San Fransisco CA | San Francisco county | San Francisco County | Sanchez Street | San Francisco (county) | San Francisco City and County | City by the bay | San Pancho | Climate of San Francisco | San-Francisco | San Francisco, California, United States | San Francisco, California, USA | San Fran | San Francisco (Calif.) | McLaren, California | San Francisco, California | San Francisco, CA. | Radio stations in san francisco | San Fransico County, California | City by the Bay | The City by the Bay | San Francisco, Calif. | Demographics of San Francisco | San Francisco, United States of America | County of San Francisco | The Hamlin School | San Francisco, CA | San Francisco, California, U.S.A. | UN/LOCODE:USSFO | San Francisco, US-CA | San francisco, ca | San Francisco CA | City of San Francisco, California | San Francisco (CA) | San Fran, California | City and County of San Francisco, California | San Fransico, California | San francisco, CA | San Franscisco | City of San Francisco | County of San Francisco, California | SF, CA | San Francisco, California, US | San Franciso | San Fransisco | Baking Arts | San Francisco, USA | Crime in San Francisco | City and County of San Francisco | San Francisco, United States | San Francisco, Ca | The City That Knows How | San francisco | McKinley Elementary School San Francisco | San Fransisco, CA | San Fransico | san francisco city and county | mckinley elementary school san francisco | san francisco california u s | san fransciso | city by bay | friscoe | climate of san francisco | san francisco calif | san francisco california us | san francisco usa | weather in san francisco | san franciso | san francisco us ca | county of san francisco | san franscisco | san franciscan | county of san francisco california | san fran california | san francisco ca united states | city that knows how | san francisco california usa | un locode ussfo | san fransico | baking arts | san francisco united states | san fran | city county of san francisco | sanchez street | san fransico county california | san pancho | baghdad by bay | san fransisco | sanfracisco | more reading about san francisco | san francisco county ca | san fransisco ca | demographics of san francisco | city and county of san francisco california | san fransico california | crime in san francisco | san francisco ca | san francisco | san francisco california | city and county of san francisco | city of san francisco california | san francisco radio stations | sf ca | mclaren california | old gold mountain | san franciscans | san francisco united states of america | city of san francisco | san fransisco california | san francisco california united states | san francisco county | radio stations in san francisco | san francisco county california | hamlin school",New York City,incorrect,
triviaqa-bb_951,In what Eastern European country did violence arise against Uzbeks during 2010?,Kyrgystan | Krygyzstan | Kirgiziya | Kirzighia | Khyrgyzstan | Khirgyzia | Kyrgyg | Kyrghizistan | Kyrzygystan | Kyrgyz Respublikasy | ISO 3166-1:KG | Kirgyzstan | Languages of Kyrgyzstan | Kirgystan | Khirgystan | Kyrghyzstan | Khirgistan | Kyrgestan | Kyrgyztan | Khirgizstan | Krygzstan | Kirgistan | Khirghizia | Kyrghizia | Kyrgizia | Киргизия | Khirghistan | Kyrgyz Republic | Republic of Kyrgyzstan | Kirghizia | Kyrgyzistan | Khirgyzstan | Kyrgyzia | Kyrgyzstan | Khirgizia | Kyrghyz Republic | Khyrghyzia | Қырғызстан | Kirgiz Republic | Hinduism in Kyrgyzstan | Khyrgystan | Kirghyzia | Kyrgizstan | Khirghizstan | Khyrghystan | Kirghistan | Kirgisistan | Kyrgzystan | Kyrghyzia | Kirgizia | Khyrgyzia | Kyrgzstan | KYRGYZSTAN | Kirghizistan | Kirgiztan | Kirghiz Republic | Кыргызстан | KGZ | Kyrghizstan | Kyrgistan | Kirghizstan | Khyrghyzstan | Kirgizistan | Kyrghystan | Republic of Kirgizstan | Kyrzygstan | Kirgizstan | Quirghyzia | Republic of Kyrgyztan | Sport in Kyrgyzstan | KGN | kirghiz republic | kirgystan | kirghizia | khirghizstan | kyrgizia | hinduism in kyrgyzstan | kyrghyzia | kirgiztan | khyrghystan | republic of kirgizstan | iso 3166 1 kg | khyrghyzstan | kirgizistan | kgn | kyrghizia | kyrghizstan | khirgizia | quirghyzia | kyrgystan | kyrghystan | kyrgestan | kirgistan | kyrgyzistan | kyrgyzstan | kyrgyz respublikasy | khyrghyzia | khyrgyzia | кыргызстан | krygzstan | sport in kyrgyzstan | republic of kyrgyzstan | kyrgyztan | киргизия | khirgyzia | kyrgyzia | khirghistan | kyrzygystan | қырғызстан | kyrgizstan | kirghizistan | kirghizstan | kyrgzstan | khirgystan | khirgistan | kyrgyg | kirghyzia | khyrgyzstan | kyrgyz republic | kyrgistan | kgz | khirgyzstan | kirghistan | republic of kyrgyztan | kirzighia | kirgizstan | kyrghyz republic | khirgizstan | kyrzygstan | kyrghizistan | khirghizia | kirgyzstan | kyrgzystan | kirgisistan | kirgiziya | kirgiz republic | languages of kyrgyzstan | khyrgystan | kyrghyzstan | krygyzstan | kirgizia,Ukraine,incorrect,
triviaqa-bt_2785,"In music, an axe is a slang term for which instrument",Guitar | Saddle (guitar) | Guitar tone | Guitar music | Geetar | Guitar components | Belly Fiddler | The guitar | Gitarre | Guitar history | Gitfiddle | Kinds of guitars | Gutiar | Guiatar | 🎸 | Gitiar | Strap lock system | Types of guitars | Guitar Lessons | Parts of the guitar | Guitar lesson | Archguitar | Guitars | 6-string guitar | Guiatr | Left handed guitar | Playing guitars | Guitariste | Guitar instruction | Six-string guitar | Black Plastic Guitar Case | Rock guitar | Gitar | Usa Guitar | Giutar | Guitar strap | Strap Lock System | Gatar | strap lock system | archguitar | gatar | guitar lesson | gitfiddle | guitar lessons | guitar music | guiatar | guitar history | 6 string guitar | six string guitar | rock guitar | left handed guitar | gitiar | types of guitars | guitar tone | guitariste | guitar strap | black plastic guitar case | usa guitar | gutiar | guitar | guitar components | giutar | guitar instruction | gitar | saddle guitar | playing guitars | parts of guitar | guiatr | gitarre | belly fiddler | kinds of guitars | geetar | guitars,axe,incorrect,
triviaqa-bt_3620,What is animelles the culinary term for,Testicles | Testical cyst | Testis | Testes | Balls (slang) | Testicular size | Testicals | Testicular hormones | Testicular disorder | Testicle size | Low hangers | Testical | Testicular | Testicular diseases | Teste | Testicle | Orchitic | testical cyst | testicals | balls slang | testicular diseases | testicular hormones | teste | testicle | testicular disorder | testical | orchitic | testes | testis | testicle size | testicular size | testicular | testicles | low hangers,anime,incorrect,
triviaqa-bt_718,"Who said, a man is only as old as the women he feels",Groucho Marx | I don't want to belong to any club that will accept me as a member | Julius Henry Marx | Grouchu | Groucho Marxist | I would never join any club that would accept me as a member | Julius Marx | I refuse to join any club that would have me as a member | Groucho | I wouldn't join any club that would have me as a member | I prefer not to join any club that would have me as a member | I don't want to belong to any club that will accept people like me as a member | Groucho marx | Julius Henry %22Groucho%22 Marx | Marxist of the groucho variety | I don't care to belong to a club that accepts people like me as members | Groucho Marxism | groucho marxist | i don t want to belong to any club that will accept people like me as member | marxist of groucho variety | julius henry marx | i don t care to belong to club that accepts people like me as members | julius marx | i refuse to join any club that would have me as member | groucho | i prefer not to join any club that would have me as member | groucho marxism | julius henry 22groucho 22 marx | i don t want to belong to any club that will accept me as member | groucho marx | i would never join any club that would accept me as member | i wouldn t join any club that would have me as member | grouchu,Eleanor Roosevelt,incorrect,
triviaqa-bt_726,Who was the owner of Mirror Group newspapers who misused the pension fund,"Robert Maxwell | Ian Robert Maxwell | Maxwell, Robert | Ian Robert Maxwell MC | Maxwell, (Ian) Robert | (Ian) Robert Maxwell | Ján Ludvík Hoch | Ján Ludwig Hoch | Ian Ludwig Hoch | Jan Ludwig Hoch | Robert Maxwell (politician) | Robert Ian Maxwell | Ján Ludvik Hoch | jan ludwig hoch | ján ludvík hoch | ján ludwig hoch | robert ian maxwell | maxwell robert | maxwell ian robert | ian ludwig hoch | ian robert maxwell | ian robert maxwell mc | robert maxwell politician | ján ludvik hoch | robert maxwell",Miracle Republic,incorrect,
triviaqa-dpql_376,Pantagruel was the son of which giant?,Gargantua | Pantagruelism | Gargantua And Pantagruel | Gargantua and pantagruel | Pantagruelian | Friar John | The Life of Gargantua and of Pantagruel | Gargantua and Pantagruel | Pandagruel | Gargantua & Pantagruel | La vie de Gargantua et de Pantagruel | Garagantua | pantagruelism | gargantua | gargantua pantagruel | gargantua and pantagruel | la vie de gargantua et de pantagruel | life of gargantua and of pantagruel | friar john | pantagruelian | pandagruel | garagantua,Pantagruel was the son of Gargantua.,incorrect,
triviaqa-jp_1520,What marine mammal's tusks were once thought to be from unicorns?,Narwhal | Narwahl | Unicorn Whale | Narwale | Narwhale | Monodon monoceros | Narwall | Narval | Narwhals | Arctic unicorn | Norwhal whale | Monodon | Sea unicorn | Norwhal whales | monodon | narval | arctic unicorn | norwhal whales | narwhale | narwhal | narwahl | unicorn whale | narwall | monodon monoceros | norwhal whale | narwhals | narwale | sea unicorn,whale,correct,
triviaqa-jp_208,"""What """"family"""" killed actress Sharon Tate and others?""","Manson Family | Charles manson family | William Garretson | Charles Mansion | Ruth Ann Moorehouse | Charles Manson Jr | Charles Manson | Lauren Willett | Manson murders | LaBianca | Tate-La Bianca murders | Gary Hinman | Leno La Bianca | Abigail Folger | Wojciech Frykowski | Ruth Ann %22Ouisch%22 Moorehouse | Priscilla Cooper | Ruth Moorehouse | Reni Willett | Abigail Anne %22Gibby%22 Folger | Charles Mansen | Manson family | Manson-Tate murders | Tate-LaBianca | Manson Murders | Tate–LaBianca murders | Charles Manson Murders | Gibbie | LaBianca murders | Nancy Pitman | Tate-LaBianca murders | Charles Milles Manson | James Willett | Manson Family murders | Charles Maddox | Michael Monfort | Charles Manson murders | Charls Milles Manson | The Manson family | Charlie Manson | Leno LaBianca | Kathleen Maddox | Leno and Rosemary LaBianca | Manson Family Movies | Charles Milles Maddox | Rosemary LaBianca | Chuck Manson | Charles manson | Charls Manson family | Rosemary La Bianca | Tate murders | Manson-La Bianca murders | No name Maddox | The Manson Family | Charles Manson, Jr. | Shahrokh Hatami | William Goucher | lauren willett | abigail anne 22gibby 22 folger | manson family murders | charles milles maddox | gibbie | ruth ann moorehouse | charles mansion | charles manson jr | charls manson family | nancy pitman | charles manson family | tate la bianca murders | michael monfort | ruth ann 22ouisch 22 moorehouse | chuck manson | kathleen maddox | charles manson murders | tate labianca | william garretson | abigail folger | charles mansen | tate murders | labianca murders | tate labianca murders | leno labianca | manson murders | rosemary labianca | charles manson | wojciech frykowski | manson tate murders | charlie manson | manson family | reni willett | manson la bianca murders | leno la bianca | gary hinman | james willett | charles maddox | priscilla cooper | manson family movies | rosemary la bianca | charles milles manson | leno and rosemary labianca | no name maddox | shahrokh hatami | labianca | ruth moorehouse | charls milles manson | william goucher | tate–labianca murders",the KGB,incorrect,
triviaqa-jp_2502,What type of bird is often depicted with an olive branch in its beak?,Dove | Columbiformes | Columbidae | Columbid | Columbiiformes | Pigeons | Pigeon | Columbiform | Pigeons and doves | Rat with wings | Doves and pigeons | Dove (bird) | Dove (zoology) | Doves | rat with wings | pigeons and doves | columbidae | pigeon | doves | dove zoology | columbiformes | dove | columbiiformes | columbid | doves and pigeons | dove bird | columbiform | pigeons,ostrich,incorrect,
triviaqa-jp_2878,What African animal is known for laughing?,Hyena | Hiena | Hyeena | Mating hyenas | Hyaenas | Hyenas | Hyaenids | Hyaena eximia | Hyenæ | Hienna | Chiena | Chienna | Hyenae | Hyiena | Hyaenidae | hyaenids | hiena | hyaena eximia | hyenas | hyaenas | chienna | hyaenidae | hyenae | mating hyenas | hyena | chiena | hyeena | hyenæ | hyiena | hienna,elephant,incorrect,
triviaqa-jp_3970,In what modern-day country was the Norse settlement of Vinland?,Canada | Canadá | The Dominion of Canada | Commonwealth of Canada | Dominion of canada | ISO 3166-1:CA | Etymology of Canada | CANADA | Canadiophile | Canada's | ᑲᓇᑕ | Canada/References | America's top hat | Canada. | Cnada | Čanada | Canadian Federation | Kenadian | Canadialand | Xanada | Dominion of Canada | Canadaa | canada s | canadá | čanada | canadaa | america s top hat | cnada | kenadian | xanada | canadian federation | iso 3166 1 ca | canadialand | canada | canada references | dominion of canada | commonwealth of canada | etymology of canada | canadiophile,Vinland (modern-day Newfoundland),incorrect,
triviaqa-jp_923,What airline had two high-profile plane crashes in 2014?,Malaysia Airlines | MalaysiaAirlines | Malaysian Airlines System | Malaysian Airline System Berhad | Malaysia airlines | History of Malaysia Airlines | Sistem Penerbangan Malaysia | Malaysian Airlines | Malaysia Airlines crash | Penerbangan Malaysia | Malaysia Air | Malaysia Airlines Timeline | Syarikat Penerbangan Malaysia | Malaysian Airline System Sendiran Berhad | MAS Golden Boutiques | Malaysian airlines | MHbuddy | MAS-Sistem Penerbangan Malaysia Berhad | Malaysia Airline System | Malaysia Airline | Malaysia Airlines Subsidiaries | MH370 and MH17 | Malaysian Air | Malaysian Airline System | Enrich Loyalty Programme | MAS Golden Boutiques Sdn. Bhd. | MAS (Malaysia Airlines) | Malaysia Airlines subsidiaries | history of malaysia airlines | mas golden boutiques | penerbangan malaysia | mh370 and mh17 | malaysia airlines crash | malaysiaairlines | mhbuddy | mas sistem penerbangan malaysia berhad | malaysia airlines subsidiaries | malaysian airline system sendiran berhad | sistem penerbangan malaysia | malaysian airline system berhad | mas golden boutiques sdn bhd | malaysia airline system | mas malaysia airlines | enrich loyalty programme | malaysian airline system | malaysia airlines timeline | malaysian airlines | malaysia airlines | malaysia airline | malaysian airlines system | malaysian air | malaysia air | syarikat penerbangan malaysia,Air France Flight 447,incorrect,
triviaqa-odql_1002,Between 1959 and 1967 which city was the capital of Pakistan (Islamabad was being built)?,"RAWALPINDI | Rāwalpindi, Pakistan | RawalPindi | راولپنڈی | Tench Bhata | Rawlapindi | Tench Bhatta | F.G. Sir Syed Boys Sec. School, Rawalpindi | Rawalpindi, Punjab, Pakistan | Rāwalpindi | Rawlpindini | Rawal-Pindi | Rawalpindi | Rawalpindi, Pakistan | Rawal Pindee | Rawalpindi, Punjab | Rawal Pindi | 'Pindi | rawal pindee | rāwalpindi pakistan | rāwalpindi | rawlpindini | rawalpindi | rawal pindi | tench bhata | pindi | rawalpindi punjab | rawalpindi pakistan | rawlapindi | f g sir syed boys sec school rawalpindi | tench bhatta | rawalpindi punjab pakistan",Islamabad,incorrect,
triviaqa-odql_14584,Which period in the Paleozoic era came between the Silurian and the Carboniferous?,DEVONIAN | Emsian | Devonian era | Eifelian Stage | Pragnian | Age of Fish | Devonian Period | Old Red Age | Early Devonian | Greenhouse Age | Late Devonian epoch | Tioughnioga Stage | Famennian Stage | Devonian Era | Eifelian stage | Devonian | Devonian Age | Tioughniogan | Downtonian | Eifelian | Age of Fishes | Middle Devonian | Upper Devonian | Greening of the continents | Early Devonian epoch | Breconian | Frasnian Stage | Lochkovian | Gedinnian | Devonian System | Pragian | Late Emsian | Devonion Period | Middle Devonian epoch | Devonian climate | Lower Devonian | Devonian period | Late Devonian | Dittonian | eifelian stage | devonian system | age of fish | upper devonian | devonian period | devonian age | greening of continents | devonion period | pragian | age of fishes | early devonian epoch | tioughnioga stage | early devonian | dittonian | lochkovian | eifelian | greenhouse age | gedinnian | famennian stage | old red age | frasnian stage | middle devonian epoch | emsian | late devonian epoch | breconian | late devonian | downtonian | devonian | devonian climate | pragnian | middle devonian | late emsian | lower devonian | tioughniogan | devonian era,Ordovician,incorrect,
triviaqa-odql_2538,Which ball sport is played on a court 18 metres long by 9 metres wide?,VOLLEYBALL | Court (volleyball) | Volley ball | Libero (volleyball) | Serve (Volleyball) | Spike (volleyball) | Vollyball | Spike (Volleyball) | Outside hitter | VolleyBall | Volleyball dig | Rally point system | Indoor volleyball | History of volleyball | Volleyball | 🏐 | V-ball | Lebro | High school volleyball | Volley-Ball | Volley Ball | Setter (Volleyball) | Mintonette | Volleyball court | Serve (volleyball) | Volleyball rules | Volley-ball | court volleyball | libero volleyball | volley ball | serve volleyball | rally point system | spike volleyball | v ball | volleyball rules | indoor volleyball | lebro | volleyball | vollyball | mintonette | volleyball court | volleyball dig | history of volleyball | setter volleyball | outside hitter | high school volleyball,tennis,incorrect,
triviaqa-odql_4978,"Kingsley Amis, John Gardner and Raymond Benson have written novels about which character, after the death of the original author?","'JAMES BOND' | James Bond formula | James Bond | James Bond 007 | Bond, James Bond | List of James Bond characters | List of actors who portrayed James Bond | Mr bond | James bond | James bonf | James Bond List | Bond 007 | Secret Agent 007 | List of actors who portayed James Bond | Bond, James | James Bond OO7 | Sir James Bond | Bond. James Bond. | The name's Bond. James Bond. | Unofficial James Bond film | Bondian | Bond Extreme | Double-o seven | sir james bond | bond 007 | james bond formula | james bond 007 | list of actors who portayed james bond | james bond | mr bond | name s bond james bond | list of actors who portrayed james bond | james bonf | bondian | bond extreme | unofficial james bond film | secret agent 007 | list of james bond characters | bond james | bond james bond | james bond list | james bond oo7 | double o seven",Raymond Chandler,incorrect,
triviaqa-qb_10284,The original Ferris Wheel was erected in which US state for the 1893 World’s Columbian Exposition?,"Illinois | Transportation in Illinois | Illionis | Demographics of Illinois | 21st State | The Prairie State | Illinoid | Prairie State | State of Illinois | Rockford Academy | Religion in Illinois | Ill. | Illinois Ironmen | Twenty-first State | Illinios | Education in Illinois | IL (state) | Energy in Illinois | Illinois (state) | Twenty-First State | Land of Lincoln | Illinois, United States | Transport in Illinois | US-IL | Illinois (U.S. state) | Sports in Illinois | The Land of Lincoln | Illinoy | Illinoisan | transportation in illinois | us il | illinois ironmen | state of illinois | prairie state | demographics of illinois | il state | education in illinois | illinoisan | illinoid | sports in illinois | illinoy | energy in illinois | twenty first state | illionis | 21st state | land of lincoln | rockford academy | religion in illinois | illinois u s state | illinois state | ill | transport in illinois | illinios | illinois united states | illinois",Chicago,incorrect,
triviaqa-qb_1435,Which country was invaded by Iraq in 1990?,Kuwait | ISO 3166-1:KW | Kuwayt | State of Kuwait | KUW | الكويت | Kuait | Koweit | Languages of Kuwait | Administrative divisions of Kuwait | Kowait | Subdivisions of Kuwait | Kuwaitis | Kuwet | Koweït | State Kuwait | Quwait | Kuweit | دولة الكويت | state of kuwait | state kuwait | languages of kuwait | quwait | koweït | administrative divisions of kuwait | kuwet | kuwayt | koweit | subdivisions of kuwait | kuwait | iso 3166 1 kw | kuait | kuwaitis | kuw | kuweit | kowait,Iraq invaded Kuwait in 1990.,incorrect,
triviaqa-qb_4792,What colour is a 100 Euro banknote?,"Green | Greenishly | Avacado (color) | Green (color) | Rgb(0, 255, 0) | Greenishness | The colour green | Greenest | List of terms associated with the color green | The color green | Pastel green | (0, 255, 0) | Green (colour) | Greenness | greenishness | color green | 0 255 0 | green color | green | rgb 0 255 0 | avacado color | greenest | list of terms associated with color green | greenness | greenishly | colour green | pastel green | green colour",silver,incorrect,
triviaqa-qb_6887,Who was declared Model of the Millennium by Vogue editor Anna Wintour?,Gisele Bundchen | Gisele Buendchen | Gisele Caroline Nonnenmacher Bündchen | Olivia Palito | Gisele Buendchen Stock Index | Gisele Caroline Nonnenmacher Bundchen | Gisele Bündchen Stock Index | Olívia Palito | Bundchen | Gisele bündchen | Vida (dog) | Gisele Caroline Nonnenmacher Buendchen | Gisele Bundchen Stock Index | Gisele Bündchen | Gisele (singer) | Giselle Bundchen | giselle bundchen | gisele buendchen | olívia palito | gisele caroline nonnenmacher buendchen | bundchen | gisele bündchen | vida dog | gisele buendchen stock index | gisele singer | gisele caroline nonnenmacher bündchen | olivia palito | gisele caroline nonnenmacher bundchen | gisele bundchen stock index | gisele bundchen | gisele bündchen stock index,Gwyneth Paltrow,incorrect,
triviaqa-qb_7436,Mount Entoto is the highest peak overlooking which African capital city?,"Addis Ababa | Ethiopian Natural History Museum | Adis Abeba | Addis Ababa, ET | Āddīs Ābebā | Ādīs Ābeba | Addis Abba, Ethiopia | Addis Abba | Tewodros Square | Addis Abeba | Addis Ababa Museum | አዲስ አበባ | Addis Ababa, Ethiopia | Capital of Ethiopia | Ethiopian Ethnological Museum | Addis-Abeba | New flower | Addis Adaba | Districts of Addis Ababa | Adis Ababa | The Grand Anwar Mosque (Addis Ababa) | Adis abeda | Finfinne | adis abeba | ethiopian natural history museum | addis adaba | grand anwar mosque addis ababa | capital of ethiopia | ethiopian ethnological museum | addis ababa ethiopia | districts of addis ababa | addis ababa | ādīs ābeba | addis abba ethiopia | adis abeda | āddīs ābebā | addis abba | addis ababa et | finfinne | tewodros square | addis ababa museum | new flower | addis abeba | adis ababa",Mombasa,incorrect,
triviaqa-qb_7625,The 2002 film ‘We Were Soldiers’ is set in which war?,"Vietnam War | Vietnam war | The Vietnam War | Viet-Nam War | United States invasion of Vietnam | Resistance War Against America | Vietnam War operations and battles | Second Indo-Chinese War | Viet Nam War | 'Nam | US War in Vietnam | War in vietnam | Chiến tranh Việt Nam | Vietnam War, 1961-1975 | United States war crimes in Vietnam | American war crimes in Vietnam | American invasion of South Vietnam | Vientam War | War Against the Americans to Save the Nation | 2nd Indochina War | American War in Vietnam | Vietnamese-American War | Vietnam Conflict | Second Indochinese War | The war of Vietnam | Chien tranh Viet Nam | Allied war crimes during the Vietnam War | War in Vietnam | The American War | Nam (war) | Vietnam Wars | Vietnamese War | American invasion of Vietnam | War of vietnam | Indochina conflict | Vietnam-American War | Vietnam conflict | Background to the Vietnam War | Aftermath of the Vietnam War | VietNam War | Vietnamese–American War | Foreign Involvement in the Vietnam War | The War in Vietnam | Vietnamwar | Second Indochina War | THE FORGOTTEN WAR OF VIETNAM | 'nam | Vietnam (war) | Veitnam war | foreign involvement in vietnam war | vietnam war | american war in vietnam | vietnam american war | vietnamese–american war | resistance war against america | war of vietnam | second indochinese war | vietnam war 1961 1975 | united states war crimes in vietnam | us war in vietnam | chiến tranh việt nam | vietnamwar | american invasion of south vietnam | vietnamese american war | nam | american invasion of vietnam | vietnam war operations and battles | second indochina war | american war | viet nam war | indochina conflict | war in vietnam | war against americans to save nation | veitnam war | nam war | american war crimes in vietnam | aftermath of vietnam war | chien tranh viet nam | vientam war | vietnamese war | vietnam conflict | background to vietnam war | forgotten war of vietnam | 2nd indochina war | second indo chinese war | united states invasion of vietnam | allied war crimes during vietnam war | vietnam wars",World War II,incorrect,
triviaqa-qb_9361,"At the age of 86, which US actor married 40 year old make up artist Arlene Silver in 2012?",Dick Van Dyke | Dick Van Dyk | Dr. Sloan | Richard Van Dyke | Dick van Dyke | Dyck Van Dike | Richard Wayne Van Dyke | Dick van dyke | Learn Not to Burn | Dick Van Dike | Dick VanDyke | dick van dyk | dr sloan | learn not to burn | dick vandyke | dyck van dike | dick van dike | richard wayne van dyke | richard van dyke | dick van dyke,Bette Midler,incorrect,
triviaqa-qw_13369,"What country, after having governed it for 155 years, transferred its sovereignty of Hong Kong to China in 1997?","UK | Regno Unito | United Kingsom | British United Kingdom | Great britain and northern ireland | U.-K. | United Kingdom of Great Britain and North Ireland | UKoGBaNI | UKia | The U–K | UnitedKingdom | Great Britain and Ulster | United Kingdom (state) | UN/LOCODE:TRANK | UKOGBANI | UNITED KINGDOM | U.K | Great Britain (1801–present) | The United Kingdom of Great Britain & Ulster | Britain (country) | The United Kingdom of Great Britain and Northern Ireland | UKGBR | U-K | The U-K | URESWNI | United Kingdoom | UK (state) | British state | U.–K. | Great Britain & Ulster | The U. K. | Royaume Uni | United Kingdom of Great Britain & Ulster | Uk | UK of GB and NI | United Kingdom (U.K.) | UNited Kingdom | U.k. | Royaume-Uni | Y Deyrnas Unedig | Verenigd Koninkrijk | The United-Kingdom | United Kingdom of Great Britain and Northern Island | ISO 3166-1:GB | U.K. | United-Kingdom | U. K. G. B. N. I. | United kingdom | UK of GB & NI | Untied Kingdom | United Kindom | The UK | United Kingdom's | Great Britain and Northern Ireland | United kingom | The U.–K. | U–K | United Kingdom of Great Britain & Northern Ireland | Uk. | Vereinigtes Königreich | The U K | United Kingdom, | United Kingdom of Great Britain and Ulster | The U.-K. | UKGBNI | UK (country) | The United Kingdom | United Kindgom | United Kingdom of Britain | United Kingdom of Great Britain and Northern Ireland | TUKOGBANI | U.K.G.B.N.I. | The uk | United kingdom of great britain and northern ireland | Etymology of the United Kingdom | United Kingdom (country) | British State | United Kingdom (UK) | The United–Kingdom | The U.K. | United Kingom | U K | Great Britain (country) | UKGB | Kingdom of Great Britain and Northern Ireland | United–Kingdom | United Kingdom | United Kingdon | Britain (state) | U. K. | u –k | u–k | ureswni | united kindgom | un locode trank | britain state | united kingdom s | ukia | great britain ulster | uk of gb and ni | ukgb | royaume uni | uk of gb ni | great britain 1801–present | united kingdom of great britain ulster | u k g b n i | uk state | united kingdom state | british state | great britain and northern ireland | tukogbani | united kingdoom | united kingdom | united kingsom | ukgbr | united–kingdom | regno unito | united kingdom of great britain and northern ireland | united kingom | great britain country | united kingdom of great britain and northern island | uk country | united kingdom of britain | united kingdom uk | great britain and ulster | untied kingdom | iso 3166 1 gb | united kingdom of great britain and ulster | ukogbani | vereinigtes königreich | verenigd koninkrijk | y deyrnas unedig | unitedkingdom | united kingdom of great britain and north ireland | uk | kingdom of great britain and northern ireland | united kindom | britain country | etymology of united kingdom | united kingdom u k | united kingdon | ukgbni | british united kingdom | u k | united kingdom of great britain northern ireland | united kingdom country",Hong Kong,incorrect,
triviaqa-qw_14659,"""Which British singer, born Sandra Ann Goodrich, was known as """"the barefoot pop princess of the 1960s""""?""",Sandie Shaw | Just A Disillusion | Just a Disillusion | Tonight in Tokyo | Tonight In Tokyo | Today (Chris Andrews song) | Run (Sandie Shaw song) | Tomorrow (Sandie Shaw song) | Don't Run Away (Sandie Shaw song) | I Don't Need Anything | I'll Stop at Nothing | How Can You Tell | As Long as You're Happy Baby | Sandi Shaw | Nothing Comes Easy (song) | I'll Stop At Nothing | Sandra Goodrich | Today (Sandie Shaw song) | As Long As You're Happy Baby | Show Me (Sandie Shaw song) | sandie shaw | nothing comes easy song | show me sandie shaw song | tomorrow sandie shaw song | today chris andrews song | i don t need anything | sandi shaw | sandra goodrich | today sandie shaw song | how can you tell | don t run away sandie shaw song | tonight in tokyo | run sandie shaw song | just disillusion | as long as you re happy baby | i ll stop at nothing,Sara Bishopp,incorrect,
triviaqa-qw_15971,"What links do Bollywood, Hollywood and Lollywood have?",Film-making | Filmed | Movie making | Filmmakers | Film Production Skills | Film Making | Development (film) | Production (filmmaking) | Film Creation Process | Shooting (filmmaking) | Motion-Picture Technology | Film-makers | Movie production | Filmmaker | Creation of a Movie | Film and television production manager | Film maker | Film-maker | Movie staff | Film shoot | Production cycle | Moviemaking | Film and Television Production Manager | Film Maker | Cinema production | Filmaker | Shooting (film) | Film production | Film makers | Script development | Film making | Production (film) | Filmmaking | movie production | production cycle | filmaker | development film | moviemaking | script development | film production skills | movie making | filmed | film creation process | motion picture technology | film makers | film shoot | filmmaker | filmmakers | production filmmaking | shooting film | filmmaking | creation of movie | movie staff | film and television production manager | cinema production | shooting filmmaking | production film | film making | film maker | film production,"Bollywood, Hollywood and Lollywood have links through their respective film industries.",incorrect,
triviaqa-qw_4783,What is a popular name for the North American bison?,Buffalo | Bufallo | Buffaloes | Buffalos | Buffalo (ship) | Buffalo (AFL) | Buffalo (disambiguation) | Buffalo (vehicle) | Buffaloe | Buffalo (zoology) | Buffalo (album) | buffaloe | buffalo ship | buffalo zoology | buffalo vehicle | buffalo disambiguation | buffaloes | buffalo album | buffalo | buffalos | bufallo | buffalo afl,Bison brucei,incorrect,
triviaqa-qw_8802,Which of the continents is the smallest in area?,Australia | Australia (Commonwealth realm) | AustraliA | Continental Australia | Australias | Peace of Australia | Australian city life | City life in Australia | Australocentrist | Mainland Australia | Australiia | Straya | Australia (commonwealth) | Austraila | Ausrtalia | Australia (nation) | Australien | New Australian | Australia (dominion) | Australia (federation) | Australia (country) | Aussieland | Federal Australia | Country life in Australia | Orstraya | Australia (nation state) | Australia (commonwealth realm) | Australocentrism | Austraya | Australie | AUSTRALIA | Geopolitics of Australia | Australia (nation-state) | Australia's | Australian mainland | Australian country life | Australian Woman's Day | Imperial Australia | United States of Australia | Australia (realm) | Australia (constitutional monarchy) | Austalia | Etymology of Australia | Philosophy in Australia | Commonwealth of Australia | Australija | Australia (monarchy) | Dominion of Australia | Empire of Australia | Ostralia | Modern Australia | Commonwealth of australia | Australia (empire) | Australo | The Commonwealth of Australia | Australia. | Austrlia | Australlia | AUSTRALIAN | Australia (state) | ISO 3166-1:AU | Austrailia | Commonwealth Australia | Pax Australiana | Australian Commonwealth | Australocentric | Austrlaia | Technology in Australia | Australia (Commonwealth) | Australai | Australian geopolitics | Asutralia | Australo- | Australian's | Science in Australia | australie | orstraya | federal australia | australias | empire of australia | modern australia | asutralia | iso 3166 1 au | australien | australia country | australia federation | austraila | country life in australia | philosophy in australia | australlia | continental australia | pax australiana | austrlaia | australia dominion | australian woman s day | australia monarchy | australia | australian country life | united states of australia | mainland australia | australia commonwealth | austalia | australija | australocentric | peace of australia | australia realm | ostralia | australocentrist | australian geopolitics | australia nation | australia commonwealth realm | australian | australian city life | australia empire | austraya | australiia | geopolitics of australia | australo | technology in australia | ausrtalia | australai | australia nation state | science in australia | dominion of australia | commonwealth of australia | australia state | aussieland | australian mainland | australian s | imperial australia | austrailia | city life in australia | austrlia | commonwealth australia | straya | australocentrism | australia s | australia constitutional monarchy | etymology of australia | australian commonwealth | new australian,Africa,incorrect,
triviaqa-qw_9768,George Cukor directed which 1964 film musical?,My Fair Lady | My Fair Lady (2010 film) | Enry Iggins | Why Can't the English%3F | My Fair Lady (upcoming film) | My Fair Lady (musical) | My fair lady | I'm an Ordinary Man | My Fair Lady (2014 film) | My Fair Lady (2012 film) | My Fair Lady (2015 film) | my fair lady musical | my fair lady | my fair lady 2010 film | why can t english 3f | my fair lady upcoming film | my fair lady 2012 film | my fair lady 2014 film | my fair lady 2015 film | i m ordinary man | enry iggins,The Great White Hope,incorrect,
triviaqa-qz_4845,What kind of creature is Firenze?,Centaur | Centaurs | Hippocentaur | Ixionidae | Centuar | Centaur (mythology) | Battle of the Centaurs | Sintar | Centauress | Cintar | centaur mythology | cintar | ixionidae | centauress | battle of centaurs | centaurs | sintar | hippocentaur | centuar | centaur,"Firenze is a fictional character from the ""Harry Potter"" series.",incorrect,
triviaqa-qz_5341,Which fictional girls' boarding school was created by the cartoonist Ronald Searle,"St. Trinians | St. Trinians School | St. Trinian's School | Beth Marie Centre | The Beth Marie centre | West heath girl's school | Beth Marie center | St Trinian's School | St Trinian's School for Girls, Edinburgh | The Beth Marie center | Beth Marie centre | New School at West Heath | The Beth Marie Centre | West Heath Girl's School | Beth marie center | St Trinnean's | St. trinian | New school at west heath | West Heath girls' school | Saint Trinians | West heath School | St Trinians School | The New School At West Heath | St Trinions | St. Trinian's | Beth marie Center | St Trinians | West Heath school | West heath girls' school | St Trinnean's School for Girls, Edinburgh | Beth marie Centre | The Beth Marie Center | St Trinian | The new school at west heath | West Heath girl's school | Beth Marie Center | West Heath girls school | St trinians | West heath school | St Trinian's | St. Trinnean's School | st trinnean s school for girls edinburgh | st trinian s school | st trinian s school for girls edinburgh | beth marie centre | st trinions | west heath girl s school | st trinian | new school at west heath | west heath school | west heath girls school | st trinian s | st trinians school | st trinians | st trinnean s | st trinnean s school | beth marie center | saint trinians",Ponyville School,incorrect,
triviaqa-qz_6685,"Where does the infamous ""Streif"" downhill ski race take place?","Kitzbühel | Kitzbühel Sportpark Tennis Stadium | Kitzbuhel, Austria | Kitzbuhel | Kitzbuel | Kitzbuhl | Kitzbühl | Kitzbuehel, Austria | Kitzbuehel | Kitzbühel, Austria | Kitzbuehl | kitzbuhel austria | kitzbuel | kitzbühel sportpark tennis stadium | kitzbühl | kitzbuehel austria | kitzbuehel | kitzbühel austria | kitzbuhl | kitzbuhel | kitzbühel | kitzbuehl","Ski Jumping Ground in Aspen, Colorado",incorrect,
triviaqa-sfq_10894,Which group became the first to reach Number One with their first five singles?,THE SPICE GIRLS | Spice Girls solo discography | The Spice Girls | Now And Forever : The Greatest Hits (Spice Girls album) | Spice Girl | Suzanne Tinker | Lianne Morgan | Spice Girls | Solo spice girls discography | Spice girls | The Spice Girls Story: Viva Forever! | Touch (girl group) | spice girls story viva forever | spice girl | spice girls | lianne morgan | spice girls solo discography | suzanne tinker | touch girl group | now and forever greatest hits spice girls album | solo spice girls discography,The Beatles,incorrect,
triviaqa-sfq_12404,Who is the only actress to win 4 Oscars for Best Actress?,"Katherine Hepburn | Catherine Hepburn | Katharine Houghton Hepburn | Katharine Hepburn | Ogden Smith Ludlow | Hepburn, Katharine | Kate Hepburn | Ludlow Ogden Smith | Tom Hepburn | Kathryn Hepburn | katherine hepburn | ogden smith ludlow | katharine hepburn | kate hepburn | tom hepburn | katharine houghton hepburn | ludlow ogden smith | catherine hepburn | kathryn hepburn | hepburn katharine",Gwyneth Paltrow,incorrect,
triviaqa-sfq_12905,"What was the name of the democratic government of Germany in the 1920s and early 1930s, destroyed by Adolf Hitler?",Weimar Republic | Weimar rep | Weimer republic | Weimar government | Wiemar Republic | Agressive leaders in Germany and japan | Weimar Democracy | The Weimar Republic | Weimar Era | Weimar regime | Weimar parliament | Weimer Republic | Wiemar republic | German Reich (1919–1933) | Birth of weimar republic | Weiman republic | Weimar period | Weimar Establishment | List of Weimer states | November Republic | Weimsr republic | Weimar republic | Weimarer Republik | The Great Depression in Germany | Weimar Germany | Republic of Weimar | Weimar era | november republic | weimar germany | weimar government | weimsr republic | weimar regime | weimar democracy | weimar republic | german reich 1919–1933 | birth of weimar republic | wiemar republic | weimarer republik | republic of weimar | weimer republic | weimar era | agressive leaders in germany and japan | list of weimer states | great depression in germany | weimar parliament | weimar establishment | weimar period | weimar rep | weiman republic,Nazi Germany,incorrect,
triviaqa-sfq_13986,"Which is the main sport played at the Basin Reserve in Wellington, New Zealand?",CRICKET | Cricket games | Cricketeer | Wicketkeeping | Sport cricket | Cricket team | Cricket | Cricket Clubs | Cricketer | Spirit of cricket | Spirit of Cricket | Amature cricket | World Richest Cricketers | Cricketed | Coin toss (cricket) | Scorecard (cricket) | Cricket player | Cricketplayer | Cricket (sport) | Kricket | Sports cricket | 🏏 | The toss | Criket | Cricketing | Cricket club | Amateur cricket | Cricket as a social event | Not in the spirit of cricket | Creag | Cricket (game) | Cricketers | amature cricket | spirit of cricket | cricketers | scorecard cricket | cricket player | coin toss cricket | cricket | cricket sport | kricket | cricketed | cricketplayer | cricket clubs | amateur cricket | cricketeer | world richest cricketers | criket | cricket as social event | not in spirit of cricket | cricketing | sports cricket | cricket club | cricketer | wicketkeeping | cricket games | creag | sport cricket | cricket game | toss | cricket team,volleyball,incorrect,
triviaqa-sfq_17180,"The islands of Hoy, Sanday and Westray belong to which island group?","ORKNEYS | Orkney Islands | Arcaibh | Orkney Island | Orkney beef | Orkney Isles council area | Orkney Islands, Scotland | Orkney Isles | Orcadia (disambiguation) | Orkney | Orkney (council area) | Orkney Council | Orkney Islands (council area) | The Orkneys | Orcadia | Orkney Islands council area | Swedish earldom of Orkney | Orkneys | Orkney (islands council area of Scotland) | Orkney islands | County of Orkney | Orkney lamb | Orcades (islands) | Orkney island | orkney islands council area | orkney island | orkney beef | orkneys | orkney islands council area of scotland | orkney lamb | county of orkney | swedish earldom of orkney | orkney | orkney council area | orcadia disambiguation | orkney islands | orkney islands scotland | orkney isles | orkney council | orcades islands | orcadia | arcaibh | orkney isles council area","Hoy, Sanday and Westray belong to the Outer Hebrides.",incorrect,
triviaqa-sfq_17846,"If the words Posta Shqiptare appear on a postage stamp, from which country does it come?",ALBANIA | Republic of Albania | Etymology of Albania | Albania | Albanija | Shqiperia | Albenia | Albanie | Shqiperi | Albania (Balkans) | Shquiperia | Health in Albania | Shqipëri | AlbaniA | Shqipëria | Republika e Shqipërisë | ISO 3166-1:AL | albania | shqipëri | etymology of albania | shqipëria | shqiperia | health in albania | albenia | albanija | albanie | shquiperia | republika e shqipërisë | republic of albania | iso 3166 1 al | shqiperi | albania balkans,Serbia,incorrect,
triviaqa-sfq_18936,The Insight and Jazz car models are produced by which company?,"Honda | Honda Technologies | HONDA | Honda atv | Honda Motor Company, Limited | Honda Clio | Honda Soltec | Honda (automobile) | Honda Outboard | Honda Motor Co. | Honda Motor Company Limited | Honda Corporation | Honda Verno | Honda Group | Honda motorcycle | 本田 | Soltec | Honda Motor Co., Ltd. | Hero honda passion plus | Cbr 150 | Honda Motor Company Inc. | Honda motorcycles | Honda Motor Company | Honda Motor Co. Ltd. | Honda 300ex | Honda CL145 | Honda Motorcycles | Honda Primo | Honda Motor Manufacturing | Honda Werther | Honda Motor | honda werther | soltec | honda soltec | honda motor manufacturing | honda atv | honda technologies | honda corporation | hero honda passion plus | honda motorcycle | honda motorcycles | honda 300ex | honda motor company | honda primo | honda group | honda motor co ltd | honda motor co | honda verno | honda clio | honda motor company limited | honda cl145 | honda outboard | honda motor company inc | cbr 150 | honda | honda automobile | honda motor",Toyota,incorrect,
triviaqa-sfq_2213,Which mountain range extends almost the length of Italy?,Apennines | Apennine mountains | Apennine Range | Ligurian Apennine | Appennine mountains | Appennines | Apennine Mountains | Appennine | Ligurian Appennines | Appenines | Appennini | Appennin | Appennino | apennine range | appenines | appennino | apennines | ligurian appennines | ligurian apennine | appennini | appennines | appennine | appennine mountains | apennine mountains | appennin,Mount Apennine,incorrect,
triviaqa-sfq_23493,Josiah Bartlet was a central character in which U.S. TV drama series?,"The West Wing | The West Wing (television series) | San Andreo | The West Wing (TV Series) | The West Wing (TV show) | West Wing (TV Series) | West Wing, The | Qumar | The west wing (tv) | West wing (TV series) | The West Wing (television) | The West Wing (tv series) | Q'umar | West Wing (television show) | Kuhndu | West Wing (TV show) | List of The West Wing broadcasters and home video releases | The west wing (tv series) | 1998 presidential election (west wing) | West Wing (television) | West wing (tv) | The West Wing (TV) | The West Wing (TV series) | Equatorial Kundu | West Wing (TV series) | kuhndu | west wing tv show | san andreo | west wing tv | q umar | 1998 presidential election west wing | west wing television series | west wing television show | west wing tv series | west wing | qumar | equatorial kundu | list of west wing broadcasters and home video releases | west wing television","Josiah Bartlet was a central character in ""The Young and the Restless"" (1995-2",incorrect,
triviaqa-sfq_4865,"Who said that there are only three true sports, bullfighting, mountaineering and motor racing, the rest are merely games?","Ernest Hemingway | Famous at Twenty-Five Thirty a Master | E. M. Hemmingway | From Boy to Man Hemingways First World War | Clarence Edmonds Hemingway | ErnestHemingway/TheDownwardSpiral | Earnest Hemmingway | Ernest Heminway | ErnestHemingway/ViolenceandRedemption | Ernest M. Hemingway | Ernest Hemingway/The Downward Spiral | Hemingway ernest | From Reality to Fiction A Farewell to Arms | ErnestHemingway/FromRealitytoFictionAFarewelltoArms | ErnestHemingway/TheTimeinBetween | ErnestHemingway | ErnestHemingway/BibliographY | E. M. Hemingway | ErnestHemingway/SureShotsTheSecondWorldWar | Sure Shots The Second World War | Ernest Hemingway/Violence and Redemption | Ernest Hemingway/The Time in Between | Ernest Hemingway/Bibliography | Hemingway, Ernest | ErnestHemingway/FamousatTwentyFiveThirtyaMaster | Things Turn Sour | Ernesthemingway | Ernest Hemingway/Famous at Twenty-Five Thirty a Master | Ernest Hemmingway | ErnestHemingway/FromBoytoManHemingwaysFirstWorldWar | Ernest Miller Hemmingway | Hemingwayesque | E. Hemmingway | E. Hemingway | Why It Went Wrong | Violence and Redemption | ErnestHemingway/TheEndlessDarkNothingness | The Endless Dark Nothingness | Ernest Hemingway/Things Turn Sour | Ernest Hemingway/Young and Innocent | Ernest M. Hemmingway | Hemmingway | ErnestHemingway/YoungandInnocent | ErnestHemingway/ThingsTurnSour | Ernest Hemingway/The Endless Dark Nothingness | Ernest Hemingway/From Boy to Man Hemingways First World War | Hemingway | Ernest Hemingway/Sure Shots The Second World War | Ernest Hemingway/From Reality to Fiction A Farewell to Arms | ErnestHemingway/WhyItWentWrong | Ernest Miller Hemingway | Ernest Hemingway/Why It Went Wrong | Hemingwayan | ernest hemingway things turn sour | ernest miller hemmingway | hemingwayan | famous at twenty five thirty master | hemingway ernest | ernesthemingway fromrealitytofictionafarewelltoarms | endless dark nothingness | ernest hemingway downward spiral | violence and redemption | ernesthemingway sureshotsthesecondworldwar | ernest hemingway young and innocent | e m hemmingway | ernesthemingway fromboytomanhemingwaysfirstworldwar | ernest hemingway violence and redemption | from reality to fiction farewell to arms | ernest m hemmingway | ernesthemingway thedownwardspiral | ernest hemingway sure shots second world war | hemmingway | ernest m hemingway | ernesthemingway bibliography | ernesthemingway famousattwentyfivethirtyamaster | things turn sour | ernesthemingway | why it went wrong | ernest hemingway from boy to man hemingways first world war | clarence edmonds hemingway | from boy to man hemingways first world war | ernesthemingway thetimeinbetween | e m hemingway | ernest hemingway | ernesthemingway violenceandredemption | ernesthemingway theendlessdarknothingness | ernesthemingway youngandinnocent | ernest hemingway why it went wrong | hemingwayesque | ernesthemingway thingsturnsour | ernest hemingway time in between | ernest hemingway bibliography | sure shots second world war | ernest hemingway famous at twenty five thirty master | ernest hemmingway | ernest miller hemingway | ernest hemingway endless dark nothingness | e hemmingway | e hemingway | ernest hemingway from reality to fiction farewell to arms | ernesthemingway whyitwentwrong | hemingway | earnest hemmingway | ernest heminway",soccer,incorrect,
triviaqa-tb_878,"Whose summer residence is at Lake Gandalfo, a small town south-east of Rome?",Pope's | List of Vatican monarchs | African popes | List of Roman Catholic popes by nationality | List of popes | German pope | List of German popes | List of popes by nationality | List of Popes | List of Bishops of Rome | List of the popes | Recent pope | List of Popes by nationality | List of Popes of Rome | Popes by nationality | Popes | List of bishops of Rome | Timeline of the Papacy | List of Syrian popes | List of Catholic popes | List of Roman Catholic Popes | Recent Pope | List of popes of Rome | Syrian popes | recent pope | timeline of papacy | popes by nationality | list of roman catholic popes | german pope | list of german popes | list of bishops of rome | pope s | list of popes | list of popes by nationality | syrian popes | list of roman catholic popes by nationality | list of vatican monarchs | african popes | popes | list of syrian popes | list of popes of rome | list of catholic popes,Lake Como,incorrect,
triviaqa-tc_1537,Which cartoon and film character is the nickname of super athlete Michael Johnson?,Superman | Stalmannen | Supaaman | Jordan Elliot | Superman (fictional character) | Superman Secret Files | Kal-El | Super-Man | Codename: Patriot | The Metropolis Marvel | Big blue boy scout | SuperMan | Kal-el | Superman (Clark Kent) | Action Ace | Kal el | Super man | Superman Costume | Able to leap tall buildings in a single bound | The Superman | Super-man | Supertman | Stålmannen | Superman (comics) | Supes | Superman: Secret Files | Metropolis Marvel | Superman (DC Comics) | Super Man | The Action Ace | Kal El | Ubermensch! | Big Blue Cheese | Faster than a speeding bullet | SUPERMAN | Übermensch! | Superman (Kal-El) | More powerful than a locomotive | Man of tomorrow | Supraman | KAL-EL | Superman/Clark Kent | Kirk Brent | Superman (character) | Gojjum | supes | superman clark kent | kal el | supertman | übermensch | man of tomorrow | more powerful than locomotive | kirk brent | codename patriot | stalmannen | superman comics | faster than speeding bullet | superman costume | superman secret files | superman fictional character | superman dc comics | jordan elliot | super man | action ace | big blue cheese | supaaman | big blue boy scout | ubermensch | superman character | gojjum | superman | metropolis marvel | stålmannen | superman kal el | supraman | able to leap tall buildings in single bound,Michael Jordan,incorrect,
triviaqa-wh_925,"Which other colour, along with yellow and green appears on the flag of Gabon?",BLUE | Gauss-Markov assumptions | Best Linear Unbiased Estimator | Gauss-Markov theorem | Linear estimator | Gauss–Markov assumptions | Gauss-Markow least squares theorem | Best linear unbiased estimator | Gauss–Markov–Aitken theorem | Gauss-Markov model | Gauss-Markov-Aitken theorem | Gauss markov theorem | Gauss–Markov model | Gauss–Markov theorem | Blue (statistics) | linear estimator | gauss–markov assumptions | blue | gauss markov assumptions | gauss–markov–aitken theorem | gauss markow least squares theorem | gauss markov model | gauss markov aitken theorem | gauss–markov model | gauss markov theorem | gauss–markov theorem | best linear unbiased estimator | blue statistics,red,incorrect,
